[
  {
    "model": "api.question",
    "pk": 1,
    "fields": {
      "task": 1,
      "number": 1,
      "content": "Мне хотелось бы в своей профессиональной деятельности",
      "example": "",
      "photo": null
    }
  },
  {
    "model": "api.question",
    "pk": 2,
    "fields": {
      "task": 1,
      "number": 2,
      "content": "Если выбирать из шести вариантов, я скорее соглашусь стать",
      "example": "",
      "photo": null
    }
  },
  {
    "model": "api.question",
    "pk": 3,
    "fields": {
      "task": 1,
      "number": 3,
      "content": "Если я стану руководителем, то в первую очередь",
      "example": "",
      "photo": null
    }
  },
  {
    "model": "api.question",
    "pk": 4,
    "fields": {
      "task": 1,
      "number": 4,
      "content": "В людях я ценю прежде всего",
      "example": "",
      "photo": null
    }
  },
  {
    "model": "api.question",
    "pk": 5,
    "fields": {
      "task": 1,
      "number": 5,
      "content": "Мне интереснее беседовать с друзьями",
      "example": "",
      "photo": null
    }
  },
  {
    "model": "api.question",
    "pk": 6,
    "fields": {
      "task": 1,
      "number": 6,
      "content": "Из шести возможных профилей обучения я выберу",
      "example": "",
      "photo": null
    }
  },
  {
    "model": "api.question",
    "pk": 7,
    "fields": {
      "task": 1,
      "number": 7,
      "content": "Мне интереснее было бы",
      "example": "",
      "photo": null
    }
  },
  {
    "model": "api.question",
    "pk": 8,
    "fields": {
      "task": 1,
      "number": 8,
      "content": "Я думаю, что школа должна",
      "example": "",
      "photo": null
    }
  },
  {
    "model": "api.question",
    "pk": 9,
    "fields": {
      "task": 1,
      "number": 9,
      "content": "В свободное время я предпочитаю",
      "example": "",
      "photo": null
    }
  },
  {
    "model": "api.question",
    "pk": 10,
    "fields": {
      "task": 1,
      "number": 10,
      "content": "Думаю, что мне будет комфортно работать",
      "example": "",
      "photo": null
    }
  },
  {
    "model": "api.choice",
    "pk": 1,
    "fields": {
      "question": 1,
      "title": "общаться с разными людьми",
      "description": ""
    }
  },
  {
    "model": "api.choice",
    "pk": 2,
    "fields": {
      "question": 1,
      "title": "снимать фильмы, писать книги, рисовать, выступать на сцене и т. д.",
      "description": ""
    }
  },
  {
    "model": "api.choice",
    "pk": 3,
    "fields": {
      "question": 1,
      "title": "заниматься расчетами, вести документацию, собирать и анализировать данные",
      "description": ""
    }
  },
  {
    "model": "api.choice",
    "pk": 4,
    "fields": {
      "question": 1,
      "title": "создавать материальные объекты (строить дома, делать мебель, шить одежду, разводить собак и др.)",
      "description": ""
    }
  },
  {
    "model": "api.choice",
    "pk": 5,
    "fields": {
      "question": 1,
      "title": "заниматься защитой объектов и людей (лечить пациентов, охранять имущество и людей и др.)",
      "description": ""
    }
  },
  {
    "model": "api.choice",
    "pk": 6,
    "fields": {
      "question": 1,
      "title": "проводить исследования",
      "description": ""
    }
  },
  {
    "model": "api.choice",
    "pk": 7,
    "fields": {
      "question": 2,
      "title": "психологом",
      "description": ""
    }
  },
  {
    "model": "api.choice",
    "pk": 8,
    "fields": {
      "question": 2,
      "title": "художником",
      "description": ""
    }
  },
  {
    "model": "api.choice",
    "pk": 9,
    "fields": {
      "question": 2,
      "title": "секретарем",
      "description": ""
    }
  },
  {
    "model": "api.choice",
    "pk": 10,
    "fields": {
      "question": 2,
      "title": "водителем",
      "description": ""
    }
  },
  {
    "model": "api.choice",
    "pk": 11,
    "fields": {
      "question": 2,
      "title": "спасателем",
      "description": ""
    }
  },
  {
    "model": "api.choice",
    "pk": 12,
    "fields": {
      "question": 2,
      "title": "ученым",
      "description": ""
    }
  },
  {
    "model": "api.choice",
    "pk": 13,
    "fields": {
      "question": 3,
      "title": "создам дружный, сплоченный коллектив",
      "description": ""
    }
  },
  {
    "model": "api.choice",
    "pk": 14,
    "fields": {
      "question": 3,
      "title": "разработаю логотип, дизайн интерьера",
      "description": ""
    }
  },
  {
    "model": "api.choice",
    "pk": 15,
    "fields": {
      "question": 3,
      "title": "соберу и проанализирую информацию об организации",
      "description": ""
    }
  },
  {
    "model": "api.choice",
    "pk": 16,
    "fields": {
      "question": 3,
      "title": "займусь развитием материально-технической базы организации (закуплю технику, транспорт, мебель и другие вещи, которые нужны для работы)",
      "description": ""
    }
  },
  {
    "model": "api.choice",
    "pk": 17,
    "fields": {
      "question": 3,
      "title": "обеспечу безопасность",
      "description": ""
    }
  },
  {
    "model": "api.choice",
    "pk": 18,
    "fields": {
      "question": 3,
      "title": "займусь научно-методическим обеспечением работы организации (разработаю и внедрю учебные пособия, подготовлю планы, программы для работы и др.)",
      "description": ""
    }
  },
  {
    "model": "api.choice",
    "pk": 19,
    "fields": {
      "question": 4,
      "title": "душевные качества",
      "description": ""
    }
  },
  {
    "model": "api.choice",
    "pk": 20,
    "fields": {
      "question": 4,
      "title": "внешнюю привлекательность",
      "description": ""
    }
  },
  {
    "model": "api.choice",
    "pk": 21,
    "fields": {
      "question": 4,
      "title": "пунктуальность",
      "description": ""
    }
  },
  {
    "model": "api.choice",
    "pk": 22,
    "fields": {
      "question": 4,
      "title": "трудолюбие",
      "description": ""
    }
  },
  {
    "model": "api.choice",
    "pk": 23,
    "fields": {
      "question": 4,
      "title": "решительность",
      "description": ""
    }
  },
  {
    "model": "api.choice",
    "pk": 24,
    "fields": {
      "question": 4,
      "title": "высокий интеллект",
      "description": ""
    }
  },
  {
    "model": "api.choice",
    "pk": 25,
    "fields": {
      "question": 5,
      "title": "о человеческих взаимоотношениях",
      "description": ""
    }
  },
  {
    "model": "api.choice",
    "pk": 26,
    "fields": {
      "question": 5,
      "title": "книгах, фильмах, музыке",
      "description": ""
    }
  },
  {
    "model": "api.choice",
    "pk": 27,
    "fields": {
      "question": 5,
      "title": "цифровых технологиях",
      "description": ""
    }
  },
  {
    "model": "api.choice",
    "pk": 28,
    "fields": {
      "question": 5,
      "title": "технических характеристиках новой модели машины, компьютера и т. п.",
      "description": ""
    }
  },
  {
    "model": "api.choice",
    "pk": 29,
    "fields": {
      "question": 5,
      "title": "об оружии и средствах защиты",
      "description": ""
    }
  },
  {
    "model": "api.choice",
    "pk": 30,
    "fields": {
      "question": 5,
      "title": "о новых научных открытиях",
      "description": ""
    }
  },
  {
    "model": "api.choice",
    "pk": 31,
    "fields": {
      "question": 6,
      "title": "медицинский или психолого-педагогический профиль (хочу лечить людей; обучать; разбираться в причинах их поведения и помогать решать психологические проблемы)",
      "description": ""
    }
  },
  {
    "model": "api.choice",
    "pk": 32,
    "fields": {
      "question": 6,
      "title": "художественно-эстетический профиль (хочу заниматься творчеством: писать картины, танцевать, петь, снимать кино, выступать в театре и др.)",
      "description": ""
    }
  },
  {
    "model": "api.choice",
    "pk": 33,
    "fields": {
      "question": 6,
      "title": "информационно-технологический профиль (хочу работать в IT, разрабатывать умные машины и технологии)",
      "description": ""
    }
  },
  {
    "model": "api.choice",
    "pk": 34,
    "fields": {
      "question": 6,
      "title": "индустриально-технологический профиль (хочу быть инженером и руководить рабочим процессом в промышленности, машиностроении)",
      "description": ""
    }
  },
  {
    "model": "api.choice",
    "pk": 35,
    "fields": {
      "question": 6,
      "title": "военно-спортивный профиль (люблю спорт, хочу быть сильным и стать военным)",
      "description": ""
    }
  },
  {
    "model": "api.choice",
    "pk": 36,
    "fields": {
      "question": 6,
      "title": "академический профиль (хочу быть ученым и хорошо разбираться в своей области)",
      "description": ""
    }
  },
  {
    "model": "api.choice",
    "pk": 37,
    "fields": {
      "question": 7,
      "title": "предлагать людям товары и услуги",
      "description": ""
    }
  },
  {
    "model": "api.choice",
    "pk": 38,
    "fields": {
      "question": 7,
      "title": "заниматься дизайном изделий",
      "description": ""
    }
  },
  {
    "model": "api.choice",
    "pk": 39,
    "fields": {
      "question": 7,
      "title": "организовывать рекламную кампанию",
      "description": ""
    }
  },
  {
    "model": "api.choice",
    "pk": 40,
    "fields": {
      "question": 7,
      "title": "делать что-то своими руками",
      "description": ""
    }
  },
  {
    "model": "api.choice",
    "pk": 41,
    "fields": {
      "question": 7,
      "title": "участвовать в соревнованиях",
      "description": ""
    }
  },
  {
    "model": "api.choice",
    "pk": 42,
    "fields": {
      "question": 7,
      "title": "решать сложные задачи",
      "description": ""
    }
  },
  {
    "model": "api.choice",
    "pk": 43,
    "fields": {
      "question": 8,
      "title": "учить общению с другими людьми",
      "description": ""
    }
  },
  {
    "model": "api.choice",
    "pk": 44,
    "fields": {
      "question": 8,
      "title": "воспитывать чувство прекрасного",
      "description": ""
    }
  },
  {
    "model": "api.choice",
    "pk": 45,
    "fields": {
      "question": 8,
      "title": "обучать навыкам работы с информацией",
      "description": ""
    }
  },
  {
    "model": "api.choice",
    "pk": 46,
    "fields": {
      "question": 8,
      "title": "обучать навыкам практической работы",
      "description": ""
    }
  },
  {
    "model": "api.choice",
    "pk": 47,
    "fields": {
      "question": 8,
      "title": "обучать основам безопасности жизнедеятельности и выживания",
      "description": ""
    }
  },
  {
    "model": "api.choice",
    "pk": 48,
    "fields": {
      "question": 8,
      "title": "развивать мышление",
      "description": ""
    }
  },
  {
    "model": "api.choice",
    "pk": 49,
    "fields": {
      "question": 9,
      "title": "общаться с друзьями и знакомиться с новыми людьми",
      "description": ""
    }
  },
  {
    "model": "api.choice",
    "pk": 50,
    "fields": {
      "question": 9,
      "title": "ходить на художественные выставки, концерты и спектакли, в музеи",
      "description": ""
    }
  },
  {
    "model": "api.choice",
    "pk": 51,
    "fields": {
      "question": 9,
      "title": "узнавать что-то новое из книг, интернета, СМИ",
      "description": ""
    }
  },
  {
    "model": "api.choice",
    "pk": 52,
    "fields": {
      "question": 9,
      "title": "что-нибудь мастерить, готовить, ухаживать за кем-то (чем-то)",
      "description": ""
    }
  },
  {
    "model": "api.choice",
    "pk": 53,
    "fields": {
      "question": 9,
      "title": "тренироваться",
      "description": ""
    }
  },
  {
    "model": "api.choice",
    "pk": 54,
    "fields": {
      "question": 9,
      "title": "конструировать, создавать что-то новое",
      "description": ""
    }
  },
  {
    "model": "api.choice",
    "pk": 55,
    "fields": {
      "question": 10,
      "title": "в помещении с большим количеством людей",
      "description": ""
    }
  },
  {
    "model": "api.choice",
    "pk": 56,
    "fields": {
      "question": 10,
      "title": "в мастерской или студии",
      "description": ""
    }
  },
  {
    "model": "api.choice",
    "pk": 57,
    "fields": {
      "question": 10,
      "title": "дома или в обычном кабинете",
      "description": ""
    }
  },
  {
    "model": "api.choice",
    "pk": 58,
    "fields": {
      "question": 10,
      "title": "на свежем воздухе или в специально оборудованном помещении (полевых лабораториях, мастерских и т. д.)",
      "description": ""
    }
  },
  {
    "model": "api.choice",
    "pk": 59,
    "fields": {
      "question": 10,
      "title": "в экстремальных условиях",
      "description": ""
    }
  },
  {
    "model": "api.choice",
    "pk": 60,
    "fields": {
      "question": 10,
      "title": "дома, в обычном кабинете или лаборатории",
      "description": ""
    }
  },
  {
    "model": "api.result",
    "pk": 1,
    "fields": {
      "task": 1,
      "key": "А",
      "title": "склонность к работе с людьми",
      "description": "Необходима для профессий, связанных с управлением, обучением, воспитанием, обслуживанием (бытовым, медицинским, информационным).\r\n\r\nТребования к профессионалу: профессиональные знания и навыки, интерес\r\nи терпимость к людям, тактичность, ответственность, развитый эмоциональный интеллект.\r\n\r\nПримеры профессий: учитель, воспитатель, врач, тренер, психолог, продавец, менеджер."
    }
  },
  {
    "model": "api.result",
    "pk": 2,
    "fields": {
      "task": 1,
      "key": "Б",
      "title": "склонность к эстетическим видам деятельности",
      "description": "Необходима для творческих профессий, связанных с изобразительной, музыкальной, литературно-художественной, актерско-сценической деятельностью.\r\n\r\nЭти профессии требуют не только профессиональных знаний и навыков, но и творческих и специальных\r\nспособностей к различным видам искусства.\r\n\r\nПримеры профессий: художник, музыкант, актер театра и кино, режиссер, дизайнер, литератор."
    }
  },
  {
    "model": "api.result",
    "pk": 3,
    "fields": {
      "task": 1,
      "key": "В",
      "title": "склонность к работе с информацией",
      "description": "Необходима для освоения профессий, связанных с расчетами, сбором, обработкой, анализом и преобразованием информации любого рода.\r\n\r\nТребования\r\nк профессионалу: профессиональные знания и навыки, аккуратность, хорошее внимание, исполнительность, ответственность.\r\n\r\nПримеры профессий: лингвист, программист, переводчик, редактор, корректор, диспетчер, делопроизводитель, секретарь."
    }
  },
  {
    "model": "api.result",
    "pk": 4,
    "fields": {
      "task": 1,
      "key": "Г",
      "title": "склонность к практической деятельности",
      "description": "Связана с производством и обработкой материалов; монтажом, ремонтом\r\nи обслуживанием механизмов и конструкций; управлением техникой; изготовлением изделий и продуктов; сельским хозяйством.\r\n\r\nТребования\r\nк профессионалу: профессиональные знания и навыки, сила, ответственность, выносливость, хорошее здоровье, предметно-действенный тип мышления.\r\n\r\nПримеры профессий: автослесарь, фермер, водитель, швея, машинист, техник, зоотехник, токарь, монтажник."
    }
  },
  {
    "model": "api.result",
    "pk": 5,
    "fields": {
      "task": 1,
      "key": "Д",
      "title": "склонность к экстремальным видам деятельности",
      "description": "Связана со спортом, службой в армии, оперативно-розыскной деятельностью, спасательными работами.\r\n\r\nТребования\r\nк профессионалу: профессиональные знания и навыки, ответственность, сила, выносливость, решительность, готовность к обдуманному риску, предметно-действенный тип мышления, хорошее здоровье\r\n\r\n\r\nПримеры профессий: сотрудник правоохранительных органов, военный, спасатель, пожарный,\r\nводолаз, промышленный альпинист, каскадер, испытатель."
    }
  },
  {
    "model": "api.result",
    "pk": 6,
    "fields": {
      "task": 1,
      "key": "Е",
      "title": "склонность к научно-исследовательской деятельности",
      "description": "Связана с созданием новых технологий, исследованиями и открытиями в различных областях науки и общественной жизни\r\n\r\nТребования к профессионалу:\r\nвысокий уровень интеллекта,\r\nкритичность мышления, абстрактно-символический тип мышления, глубокие теоретические знания\r\nв своей профессиональной области и других областях, общая эрудиция, интуиция, любознательность, открытость новому опыту.\r\n\r\nПримеры профессий: ученый, конструктор, изобретатель, исследователь."
    }
  }
]
