[
  {
    "model": "api.question",
    "pk": 169,
    "fields": {
      "task": 8,
      "number": 1,
      "content": "пара",
      "example": "",
      "photo": null
    }
  },
  {
    "model": "api.question",
    "pk": 170,
    "fields": {
      "task": 8,
      "number": 2,
      "content": "пара",
      "example": "",
      "photo": null
    }
  },
  {
    "model": "api.question",
    "pk": 171,
    "fields": {
      "task": 8,
      "number": 3,
      "content": "пара",
      "example": "",
      "photo": null
    }
  },
  {
    "model": "api.question",
    "pk": 172,
    "fields": {
      "task": 8,
      "number": 4,
      "content": "пара",
      "example": "",
      "photo": null
    }
  },
  {
    "model": "api.question",
    "pk": 173,
    "fields": {
      "task": 8,
      "number": 5,
      "content": "пара",
      "example": "",
      "photo": null
    }
  },
  {
    "model": "api.question",
    "pk": 174,
    "fields": {
      "task": 8,
      "number": 6,
      "content": "пара",
      "example": "",
      "photo": null
    }
  },
  {
    "model": "api.question",
    "pk": 175,
    "fields": {
      "task": 8,
      "number": 7,
      "content": "пара",
      "example": "",
      "photo": null
    }
  },
  {
    "model": "api.question",
    "pk": 176,
    "fields": {
      "task": 8,
      "number": 8,
      "content": "пара",
      "example": "",
      "photo": null
    }
  },
  {
    "model": "api.question",
    "pk": 177,
    "fields": {
      "task": 8,
      "number": 9,
      "content": "пара",
      "example": "",
      "photo": null
    }
  },
  {
    "model": "api.question",
    "pk": 178,
    "fields": {
      "task": 8,
      "number": 10,
      "content": "пара",
      "example": "",
      "photo": null
    }
  },
  {
    "model": "api.question",
    "pk": 179,
    "fields": {
      "task": 8,
      "number": 11,
      "content": "пара",
      "example": "",
      "photo": null
    }
  },
  {
    "model": "api.question",
    "pk": 180,
    "fields": {
      "task": 8,
      "number": 12,
      "content": "пара",
      "example": "",
      "photo": null
    }
  },
  {
    "model": "api.question",
    "pk": 181,
    "fields": {
      "task": 8,
      "number": 13,
      "content": "пара",
      "example": "",
      "photo": null
    }
  },
  {
    "model": "api.question",
    "pk": 182,
    "fields": {
      "task": 8,
      "number": 14,
      "content": "пара",
      "example": "",
      "photo": null
    }
  },
  {
    "model": "api.question",
    "pk": 183,
    "fields": {
      "task": 8,
      "number": 15,
      "content": "пара",
      "example": "",
      "photo": null
    }
  },
  {
    "model": "api.question",
    "pk": 184,
    "fields": {
      "task": 8,
      "number": 16,
      "content": "пара",
      "example": "",
      "photo": null
    }
  },
  {
    "model": "api.question",
    "pk": 185,
    "fields": {
      "task": 8,
      "number": 17,
      "content": "пара",
      "example": "",
      "photo": null
    }
  },
  {
    "model": "api.question",
    "pk": 186,
    "fields": {
      "task": 8,
      "number": 18,
      "content": "пара",
      "example": "",
      "photo": null
    }
  },
  {
    "model": "api.question",
    "pk": 187,
    "fields": {
      "task": 8,
      "number": 19,
      "content": "пара",
      "example": "",
      "photo": null
    }
  },
  {
    "model": "api.question",
    "pk": 188,
    "fields": {
      "task": 8,
      "number": 20,
      "content": "пара",
      "example": "",
      "photo": null
    }
  },
  {
    "model": "api.choice",
    "pk": 285,
    "fields": {
      "question": 169,
      "title": "катализатор",
      "description": "Скорость – твое второе имя. Ты быстро принимаешь решение и сразу начинаешь действовать. Терпеть не можешь медлить. Для тебя действие – лучший инструмент учебы. Ты умеешь ускорять других людей."
    }
  },
  {
    "model": "api.choice",
    "pk": 286,
    "fields": {
      "question": 169,
      "title": "планер",
      "description": "У тебя все дела разложены по полочкам. Ты отчетливо чувствуешь время и умеешь им управлять. Ты пунктуален и ожидаешь этого же от окружающих. Тебе важно знать наперед, что, где, когда и с кем. Ты любишь контролировать ход событий в своей жизни."
    }
  },
  {
    "model": "api.choice",
    "pk": 287,
    "fields": {
      "question": 170,
      "title": "достижение",
      "description": "Тебе постоянно нужны победы и преодоление себя. Без отсутствия цели тебе становится скучно. Как только ты достигаешь цели, теряешь к ней интерес и ставишь новую. Ты все время в движении, тебе сложно отдыхать."
    }
  },
  {
    "model": "api.choice",
    "pk": 288,
    "fields": {
      "question": 170,
      "title": "служение",
      "description": "Ты – человек-миссия. Тебе приносит удовольствие работа на пользу людям. Ты любишь делать счастливыми/успешными других людей. Ты понимаешь взаимосвязь своих действий с результатами других людей. Ты особо эффективен, когда работаешь не один, а с разумным авторитетным руководителем и в продуктивной команде."
    }
  },
  {
    "model": "api.choice",
    "pk": 289,
    "fields": {
      "question": 171,
      "title": "гибкость",
      "description": "Ты хорошо адаптируешься к условиям, людям, делам, формату взаимодействия. Тебе нипочем форс-мажоры, смены коллектива или внеплановая контрольная – ты можешь подстроиться. В паре ты умеешь принимать человека таким, какой он есть. Иногда склонен уступать и забывать про свои интересы."
    }
  },
  {
    "model": "api.choice",
    "pk": 290,
    "fields": {
      "question": 171,
      "title": "распорядитель",
      "description": "Тебя готовы слушаться окружающие. У тебя врожденная способность отдавать распоряжения по действию в конкретной ситуации. Ты умеешь брать инициативу на себя в любой ситуации и открыто высказывать своё мнение о том, какие реальные события могут быть и кто какие задачи должен брать на себя."
    }
  },
  {
    "model": "api.choice",
    "pk": 291,
    "fields": {
      "question": 172,
      "title": "убеждение",
      "description": "Ты прирожденный дипломат. В общении с людьми и свои цели протолкнешь, и интерес собеседника учтешь. Если с кем-то нужно договориться, то окружающие обращаются за этим к тебе."
    }
  },
  {
    "model": "api.choice",
    "pk": 292,
    "fields": {
      "question": 172,
      "title": "мышление",
      "description": "Ты умеешь на одну и ту же ситуацию/человека/событие смотреть под разным углом. Ты любишь философствовать о жизни и искать в ней разные смыслы и точки фокуса. Сам задаешь себе вопросы и находишь ответы внутри себя. Наедине с собой рождаются лучшие идеи. Любишь размышлять, этот процесс приносит тебе удовольствие."
    }
  },
  {
    "model": "api.choice",
    "pk": 293,
    "fields": {
      "question": 173,
      "title": "оптимизатор",
      "description": "Ты способен найти оптимальный путь достижения цели и решения любой ситуации. Быстро реагируешь на изменившуюся ситуацию, предлагаешь, как ее оптимально и выгодно разрешить. Ты не любишь расточительство. Экономичен во всем, стремишься рационально использовать любые ресурсы."
    }
  },
  {
    "model": "api.choice",
    "pk": 294,
    "fields": {
      "question": 173,
      "title": "максимизатор",
      "description": "Ты неподвластен другим. Во всех сферах жизни тебе нужен только максимум. «Гулять так гулять, целовать так королеву!» – это могло бы стать твоим девизом. Нет средних оценок. Задачи небольшой и средней сложности тебе не интересно выполнять. А вот если тебе скажут: «Это сделать нереально!» — твои глаза загорятся в миг."
    }
  },
  {
    "model": "api.choice",
    "pk": 295,
    "fields": {
      "question": 174,
      "title": "аналитик",
      "description": "Ты ищешь первопричины, взаимосвязи и логичные закономерности. У тебя все должно быть обосновано, проанализировано и выверено. Ты можешь создавать алгоритмы, которые превращают хаос в последовательность. Ты дружишь с цифрами и умеешь управлять ими. Ты часто спрашиваешь: «Как?», «Почему?»и «Какой будет результат?»"
    }
  },
  {
    "model": "api.choice",
    "pk": 296,
    "fields": {
      "question": 174,
      "title": "генератор идей",
      "description": "Ты смотришь на привычные вещи непривычным взглядом. Ты постоянно придумываешь новые идеи, способы реализации. Ты совмещаешь воедино, казалось бы, несовместимые вещи и создаешь из этого пользу. У тебя в голове не перестаёт работать фабрика по производству новых гипотез. Иногда из-за генерации идей тебе сложно уснуть или заняться запланированными делами."
    }
  },
  {
    "model": "api.choice",
    "pk": 297,
    "fields": {
      "question": 175,
      "title": "коммуникация",
      "description": "Ты любишь общаться с людьми и быть в центре внимания. Тебе сложно лаконично высказаться или ответить на вопрос. Ты любишь говорить много и развернуто. Ты хочешь приковывать к себе внимание людей. Ты легко вдохновляешь других. Они любят слушать тебя."
    }
  },
  {
    "model": "api.choice",
    "pk": 298,
    "fields": {
      "question": 175,
      "title": "контекст",
      "description": "Ты понимаешь смыслы и замыслы людей, даже если они не озвучены. Ты считываешь потребности собеседников будто сканер. Другим сложно соврать тебе или спрятать перед тобой свое истинное настроение. Ты понимаешь то, что люди прячут между строк."
    }
  },
  {
    "model": "api.choice",
    "pk": 299,
    "fields": {
      "question": 176,
      "title": "конкуренция",
      "description": "Ты хочешь быть №1 везде. В оценке своей деятельности у тебя существует либо первое место, либо ничего. Тебе нравится участвовать в соревнованиях, конкурсах. Ты любишь чувствовать свое превосходство перед другими. А в случае проигрыша сильно расстраиваешься и теряешь энергию."
    }
  },
  {
    "model": "api.choice",
    "pk": 300,
    "fields": {
      "question": 176,
      "title": "гармония",
      "description": "Ты – миротворец по натуре. Ты ищешь сферы, в которых возможно согласие. Обладаешь способностью приводить разные точки зрения к общему языку. Сводишь конфликтные ситуации к минимуму. С тобой сложно поругаться или поссориться. Ты принимаешь точки зрения других людей и сводишь ситуации к балансу."
    }
  },
  {
    "model": "api.choice",
    "pk": 301,
    "fields": {
      "question": 177,
      "title": "включенность",
      "description": "Ты умеешь создавать команды, объединять людей для единой цели, включать их в общую идею, в общую культуру. Тебе самому важно быть частью какого-то коллектива с общими ценностями и взглядами."
    }
  },
  {
    "model": "api.choice",
    "pk": 302,
    "fields": {
      "question": 177,
      "title": "ликвидация",
      "description": "Ты умеешь разрушать неработающие схемы. Ты видишь в разрушении начало чего-то нового. Убирать ненужное, неработающее, ставить финальные точки на закрытии какой-то деятельности – это твоё кредо. Доводить до конца, убирать разрушающие факторы, делать зачистку старого и ненужного – твоя ключевая способность."
    }
  },
  {
    "model": "api.choice",
    "pk": 303,
    "fields": {
      "question": 178,
      "title": "взаимосвязанность",
      "description": "Ты видишь картину целиком. Ты понимаешь взаимосвязь каждого события в жизни, работе. Ты можешь разложить по полочкам все причинно-следственные связи различных поступков, событий, явлений. Ты можешь прогнозировать события. Этакий талант событийного сыщика."
    }
  },
  {
    "model": "api.choice",
    "pk": 304,
    "fields": {
      "question": 178,
      "title": "индивидуализация",
      "description": "Тебе важно, чтобы везде выделялся твой собственный стиль, не похожий ни на кого. Тебя сложно не заметить. Ты выделяешься во всем: от одежды до мыслей. Тебе сложно быть командным игроком, ведь в команде правила едины для всех."
    }
  },
  {
    "model": "api.choice",
    "pk": 305,
    "fields": {
      "question": 179,
      "title": "память",
      "description": "Ты любознателен и эрудирован. Тебе нравится собирать информацию: слова, факты, книги, картины и т. д. Твоя фишка в сборе и систематизации большого объема информации. Ты умеешь в нужный момент достать из «архива» (головы) полезную информацию. Постоянно ищешь новую информацию. Ты любишь блистать своими знаниями перед окружающими людьми. У тебя много разных увлечений, не похожих друг на друга."
    }
  },
  {
    "model": "api.choice",
    "pk": 306,
    "fields": {
      "question": 179,
      "title": "креаторство",
      "description": "Мир фантазий и художественных образов – это твоя стихия. Ты мыслишь картинками и образами. Другие не понимают твой взгляд на некоторые вещи, но восхищаются им. Даже самую простую задачу ты делаешь нестандартно. Ты работаешь, когда есть вдохновение, тебе сложно планировать. Предпочитаешь состояние хаоса идеальному порядку."
    }
  },
  {
    "model": "api.choice",
    "pk": 307,
    "fields": {
      "question": 180,
      "title": "обучение",
      "description": "Ты любишь обучаться и делаешь это с удовольствием. Новизна материала, подходов и техник вызывают у тебя бурный восторг и предвкушение перемен. Ты постоянно обучаешься различным навыкам, теориям и компетенциям. Учеба дается тебе легко. Ты не всегда используешь знания на практике, но все равно продолжаешь учиться. Ведь это так интересно и увлекательно."
    }
  },
  {
    "model": "api.choice",
    "pk": 308,
    "fields": {
      "question": 180,
      "title": "трансформация",
      "description": "Ты умеешь перепрошивать свою личность и выходить из зоны комфорта. Главная твоя задача – результат, даже ценой личных изменений. Ты не очень любишь обучаться, т.к. все применяешь на практике и знаешь цену новых экспериментов. Ты видишь четкую взаимосвязь между обучением новому и достижением результатов в жизни (материальных/нематериальных)."
    }
  },
  {
    "model": "api.choice",
    "pk": 309,
    "fields": {
      "question": 181,
      "title": "развитие",
      "description": "Желание помогать развиваться другим: людям, проектам, компаниям. Ты – сторонник изменений. Тебе нравится внедрять новые подходы во всем. Твоя ключевая способность – наставник на практике. Это то, что ты любишь делать, и это в тебе ценят окружающие."
    }
  },
  {
    "model": "api.choice",
    "pk": 310,
    "fields": {
      "question": 181,
      "title": "консерватизм",
      "description": "Ты – человек правил. Твоя задача – хранить традиции, законы и договоренности. Ты не любишь изменений. Тебе тяжело выходить из зоны комфорта, и ты искренне не понимаешь, зачем это нужно делать. Ты любишь создавать правила и следить за их соблюдением, чтением, пропагандой."
    }
  },
  {
    "model": "api.choice",
    "pk": 311,
    "fields": {
      "question": 182,
      "title": "позитивность",
      "description": "Ты находишь положительные моменты в любой ситуации. Ты не паникуешь при форс-мажоре, а просто решаешь проблему. Ты делаешь любой процесс увлекательнее и интереснее. Оптимист по натуре, у которого стакан наполовину полон при любых обстоятельствах. В трудных ситуациях друзья обращаются к тебе за поддержкой."
    }
  },
  {
    "model": "api.choice",
    "pk": 312,
    "fields": {
      "question": 182,
      "title": "осмотрительность",
      "description": "Ты не любишь риск и подстелил бы соломку везде, где только можно. Как только кто-то озвучивает новую идею, ты сразу видишь подводные камни, сложности, риски и заторы в ее реализации. Ты предпочитаешь семь раз отмерить, прежде чем принимать решение. Часто видишь те риски, которые не замечают окружающие, и можешь их предотвратить."
    }
  },
  {
    "model": "api.choice",
    "pk": 313,
    "fields": {
      "question": 183,
      "title": "эмпатия",
      "description": "Ты понимаешь людей через сопереживание. Ты способен чувствовать чужие эмоции, поставить себя на место другого человека и посмотреть на мир его глазами. Ты умеешь находить нужные слова, помогаешь людям высказать свои чувства, поддерживаешь их эмоционально."
    }
  },
  {
    "model": "api.choice",
    "pk": 314,
    "fields": {
      "question": 183,
      "title": "стрессоустойчивость",
      "description": "Ты повелитель форс-мажоров и продуктивен в любой ситуации. Ты умеешь быть спокойным и решительным, даже когда окружающие паникуют. К тебе обращаются за решением или участием в решении форс-мажора или сложной ситуации."
    }
  },
  {
    "model": "api.choice",
    "pk": 315,
    "fields": {
      "question": 184,
      "title": "сосредоточенность",
      "description": "«Куда я иду?» – важна четко обозначенная цель. Сосредоточенность позволяет тебе отфильтровать ненужное. Ты оцениваешь, поможет ли действие стать ближе к цели или нет. Если нет, ты его отбрасываешь. Ты умеешь «спускать людей с небес на землю» и вернуться к решению конкретной задачи. Способен найти оптимальный маршрут к цели, без лишней работы и деталей."
    }
  },
  {
    "model": "api.choice",
    "pk": 316,
    "fields": {
      "question": 184,
      "title": "мультифокус",
      "description": "Семь дел одновременно – это по-твоему. Тебе нравится переключаться из одного формата задач в другой, совмещать разнообразные функции и дела. Ты не усидчив, тебе скучно фокусироваться только на одной задаче. Ты склонен не доводить дела до конца. Самый продуктивный формат работы для тебя – одновременно несколько разноплановых дел. Твой ресурс – в переключении."
    }
  },
  {
    "model": "api.choice",
    "pk": 317,
    "fields": {
      "question": 185,
      "title": "восстановление",
      "description": "Ты способен за короткое время мобилизировать все свои ресурсы и выйти на новый уровень энергии. Окружающим людям может казаться, что ты никогда не устаешь. Но секрет в том, что ты быстро отдыхаешь и восстанавливаешься. Ты знаешь, как вернуть любые процессы к оптимальному состоянию, распознав корень проблем и устранив их."
    }
  },
  {
    "model": "api.choice",
    "pk": 318,
    "fields": {
      "question": 185,
      "title": "энергия",
      "description": "Ты мотивируешь людей и заряжаешь их на позитив, сам не понимая как. Ты полон энтузиазма и щедро делишься им с людьми. Окружающие называют тебя вечным двигателем и говорят, что «заряжаются от тебя». Ты постоянно в действии, тебе сложно усидеть на месте."
    }
  },
  {
    "model": "api.choice",
    "pk": 319,
    "fields": {
      "question": 186,
      "title": "уверенность",
      "description": "Ты уверен в своих силах и суждениях. Ты убежден, что твой взгляд на мир и образ мышления уникален и правдив. Никто не может точно увидеть то, что видишь ты, поэтому ты уверен, что никто не может принять решение за тебя. Ты принимаешь быстрые и при этом взвешенные решения. И никогда не сомневаешься в их правильности. В любой системе координат у тебя есть понимание, какое решение верно для тебя и для других."
    }
  },
  {
    "model": "api.choice",
    "pk": 320,
    "fields": {
      "question": 186,
      "title": "материализм",
      "description": "Ты принимаешь язык фактов, науки, цифр и всего, что можно пощупать и в чем можно убедиться на практике. Личная выгода и доказательная база – превыше всего. Ты впускаешь в свою жизнь только те гипотезы и форматы, которые понятны на физическом, материальном уровне. Ты умеешь добиваться своих материальных целей и можешь разъяснить, как это делать другим."
    }
  },
  {
    "model": "api.choice",
    "pk": 321,
    "fields": {
      "question": 187,
      "title": "видение будущего",
      "description": "Всеобъемлющий взгляд на события или мир в целом. У тебя развита способность смелого мечтателя, заглядывающего в будущее. Ты умеешь из мечты сделать цель и наметить план ее реализации. Ты просчитываешь действия на шаг вперед, мыслишь стратегически. Ты видишь ход развития событий и способен разглядеть последствия раньше остальных."
    }
  },
  {
    "model": "api.choice",
    "pk": 322,
    "fields": {
      "question": 187,
      "title": "детализация",
      "description": "Ты внимателен к нюансам и деталям. Дотошен в выполнении задач, чтобы принять максимально взвешенное и обдуманное решение. Способен выявлять риски, анализировать их и принимать максимально эффективное решение. Двигаешься осторожно."
    }
  },
  {
    "model": "api.choice",
    "pk": 323,
    "fields": {
      "question": 188,
      "title": "обаяние",
      "description": "Тебе не надо напрягаться и думать, как бы расположить к себе того или иного человека. Люди любят наблюдать за тобой, хотят идти на контакт самостоятельно. Даже если ты что-то сделал не так, окружающие готовы простить тебе это за твою улыбку, искрометную шутку и врожденную харизму."
    }
  },
  {
    "model": "api.choice",
    "pk": 324,
    "fields": {
      "question": 188,
      "title": "твердость эмоций",
      "description": "Невозмутимость – твое второе имя. Твое лицо, эмоции и поведение в основном нейтральны изо дня в день. Про тебя можно сказать – человек с выражением лица «покер фейс». Окружающим сложно разгадать твои позитивные и негативные эмоции. О твоих задумках, эмоциях и переживаниях может знать один человек – только ты."
    }
  },
  {
    "model": "api.result",
    "pk": 38,
    "fields": {
      "task": 8,
      "key": "1a",
      "title": "катализатор",
      "description": "Скорость – твое второе имя. Ты быстро принимаешь решение и сразу начинаешь действовать. Терпеть не можешь медлить. Для тебя действие – лучший инструмент учебы. Ты умеешь ускорять других людей."
    }
  },
  {
    "model": "api.result",
    "pk": 39,
    "fields": {
      "task": 8,
      "key": "1б",
      "title": "планер",
      "description": "У тебя все дела разложены по полочкам. Ты отчетливо чувствуешь время и умеешь им управлять. Ты пунктуален и ожидаешь этого же от окружающих. Тебе важно знать наперед, что, где, когда и с кем. Ты любишь контролировать ход событий в своей жизни."
    }
  },
  {
    "model": "api.result",
    "pk": 40,
    "fields": {
      "task": 8,
      "key": "2a",
      "title": "достижение",
      "description": "Тебе постоянно нужны победы и преодоление себя. Без отсутствия цели тебе становится скучно. Как только ты достигаешь цели, теряешь к ней интерес и ставишь новую. Ты все время в движении, тебе сложно отдыхать."
    }
  },
  {
    "model": "api.result",
    "pk": 41,
    "fields": {
      "task": 8,
      "key": "2б",
      "title": "служение",
      "description": "Ты – человек-миссия. Тебе приносит удовольствие работа на пользу людям. Ты любишь делать счастливыми/успешными других людей. Ты понимаешь взаимосвязь своих действий с результатами других людей. Ты особо эффективен, когда работаешь не один, а с разумным авторитетным руководителем и в продуктивной команде."
    }
  },
  {
    "model": "api.result",
    "pk": 42,
    "fields": {
      "task": 8,
      "key": "3a",
      "title": "гибкость",
      "description": "Ты хорошо адаптируешься к условиям, людям, делам, формату взаимодействия. Тебе нипочем форс-мажоры, смены коллектива или внеплановая контрольная – ты можешь подстроиться. В паре ты умеешь принимать человека таким, какой он есть. Иногда склонен уступать и забывать про свои интересы."
    }
  },
  {
    "model": "api.result",
    "pk": 43,
    "fields": {
      "task": 8,
      "key": "3б",
      "title": "распорядитель",
      "description": "Тебя готовы слушаться окружающие. У тебя врожденная способность отдавать распоряжения по действию в конкретной ситуации. Ты умеешь брать инициативу на себя в любой ситуации и открыто высказывать своё мнение о том, какие реальные события могут быть и кто какие задачи должен брать на себя."
    }
  },
  {
    "model": "api.result",
    "pk": 44,
    "fields": {
      "task": 8,
      "key": "4a",
      "title": "убеждение",
      "description": "Ты прирожденный дипломат. В общении с людьми и свои цели протолкнешь, и интерес собеседника учтешь. Если с кем-то нужно договориться, то окружающие обращаются за этим к тебе."
    }
  },
  {
    "model": "api.result",
    "pk": 45,
    "fields": {
      "task": 8,
      "key": "4б",
      "title": "мышление",
      "description": "Ты умеешь на одну и ту же ситуацию/человека/событие смотреть под разным углом. Ты любишь философствовать о жизни и искать в ней разные смыслы и точки фокуса. Сам задаешь себе вопросы и находишь ответы внутри себя. Наедине с собой рождаются лучшие идеи. Любишь размышлять, этот процесс приносит тебе удовольствие."
    }
  },
  {
    "model": "api.result",
    "pk": 46,
    "fields": {
      "task": 8,
      "key": "5a",
      "title": "оптимизатор",
      "description": "Ты способен найти оптимальный путь достижения цели и решения любой ситуации. Быстро реагируешь на изменившуюся ситуацию, предлагаешь, как ее оптимально и выгодно разрешить. Ты не любишь расточительство. Экономичен во всем, стремишься рационально использовать любые ресурсы."
    }
  },
  {
    "model": "api.result",
    "pk": 47,
    "fields": {
      "task": 8,
      "key": "5б",
      "title": "максимизатор",
      "description": "Ты неподвластен другим. Во всех сферах жизни тебе нужен только максимум. «Гулять так гулять, целовать так королеву!» – это могло бы стать твоим девизом. Нет средних оценок. Задачи небольшой и средней сложности тебе не интересно выполнять. А вот если тебе скажут: «Это сделать нереально!» — твои глаза загорятся в миг."
    }
  },
  {
    "model": "api.result",
    "pk": 48,
    "fields": {
      "task": 8,
      "key": "6a",
      "title": "аналитик",
      "description": "Ты ищешь первопричины, взаимосвязи и логичные закономерности. У тебя все должно быть обосновано, проанализировано и выверено. Ты можешь создавать алгоритмы, которые превращают хаос в последовательность. Ты дружишь с цифрами и умеешь управлять ими. Ты часто спрашиваешь: «Как?», «Почему?»и «Какой будет результат?»"
    }
  },
  {
    "model": "api.result",
    "pk": 49,
    "fields": {
      "task": 8,
      "key": "6б",
      "title": "генератор идей",
      "description": "Ты смотришь на привычные вещи непривычным взглядом. Ты постоянно придумываешь новые идеи, способы реализации. Ты совмещаешь воедино, казалось бы, несовместимые вещи и создаешь из этого пользу. У тебя в голове не перестаёт работать фабрика по производству новых гипотез. Иногда из-за генерации идей тебе сложно уснуть или заняться запланированными делами."
    }
  },
  {
    "model": "api.result",
    "pk": 50,
    "fields": {
      "task": 8,
      "key": "7a",
      "title": "коммуникация",
      "description": "Ты любишь общаться с людьми и быть в центре внимания. Тебе сложно лаконично высказаться или ответить на вопрос. Ты любишь говорить много и развернуто. Ты хочешь приковывать к себе внимание людей. Ты легко вдохновляешь других. Они любят слушать тебя."
    }
  },
  {
    "model": "api.result",
    "pk": 51,
    "fields": {
      "task": 8,
      "key": "7б",
      "title": "контекст",
      "description": "Ты понимаешь смыслы и замыслы людей, даже если они не озвучены. Ты считываешь потребности собеседников будто сканер. Другим сложно соврать тебе или спрятать перед тобой свое истинное настроение. Ты понимаешь то, что люди прячут между строк."
    }
  },
  {
    "model": "api.result",
    "pk": 52,
    "fields": {
      "task": 8,
      "key": "8a",
      "title": "конкуренция",
      "description": "Ты хочешь быть №1 везде. В оценке своей деятельности у тебя существует либо первое место, либо ничего. Тебе нравится участвовать в соревнованиях, конкурсах. Ты любишь чувствовать свое превосходство перед другими. А в случае проигрыша сильно расстраиваешься и теряешь энергию."
    }
  },
  {
    "model": "api.result",
    "pk": 53,
    "fields": {
      "task": 8,
      "key": "8б",
      "title": "гармония",
      "description": "Ты – миротворец по натуре. Ты ищешь сферы, в которых возможно согласие. Обладаешь способностью приводить разные точки зрения к общему языку. Сводишь конфликтные ситуации к минимуму. С тобой сложно поругаться или поссориться. Ты принимаешь точки зрения других людей и сводишь ситуации к балансу."
    }
  },
  {
    "model": "api.result",
    "pk": 54,
    "fields": {
      "task": 8,
      "key": "9a",
      "title": "включенность",
      "description": "Ты умеешь создавать команды, объединять людей для единой цели, включать их в общую идею, в общую культуру. Тебе самому важно быть частью какого-то коллектива с общими ценностями и взглядами."
    }
  },
  {
    "model": "api.result",
    "pk": 55,
    "fields": {
      "task": 8,
      "key": "9б",
      "title": "ликвидация",
      "description": "Ты умеешь разрушать неработающие схемы. Ты видишь в разрушении начало чего-то нового. Убирать ненужное, неработающее, ставить финальные точки на закрытии какой-то деятельности – это твоё кредо. Доводить до конца, убирать разрушающие факторы, делать зачистку старого и ненужного – твоя ключевая способность."
    }
  },
  {
    "model": "api.result",
    "pk": 56,
    "fields": {
      "task": 8,
      "key": "10a",
      "title": "взаимосвязанность",
      "description": "Ты видишь картину целиком. Ты понимаешь взаимосвязь каждого события в жизни, работе. Ты можешь разложить по полочкам все причинно-следственные связи различных поступков, событий, явлений. Ты можешь прогнозировать события. Этакий талант событийного сыщика."
    }
  },
  {
    "model": "api.result",
    "pk": 57,
    "fields": {
      "task": 8,
      "key": "10б",
      "title": "индивидуализация",
      "description": "Тебе важно, чтобы везде выделялся твой собственный стиль, не похожий ни на кого. Тебя сложно не заметить. Ты выделяешься во всем: от одежды до мыслей. Тебе сложно быть командным игроком, ведь в команде правила едины для всех."
    }
  },
  {
    "model": "api.result",
    "pk": 58,
    "fields": {
      "task": 8,
      "key": "11a",
      "title": "память",
      "description": "Ты любознателен и эрудирован. Тебе нравится собирать информацию: слова, факты, книги, картины и т. д. Твоя фишка в сборе и систематизации большого объема информации. Ты умеешь в нужный момент достать из «архива» (головы) полезную информацию. Постоянно ищешь новую информацию. Ты любишь блистать своими знаниями перед окружающими людьми. У тебя много разных увлечений, не похожих друг на друга."
    }
  },
  {
    "model": "api.result",
    "pk": 59,
    "fields": {
      "task": 8,
      "key": "11б",
      "title": "креаторство",
      "description": "Мир фантазий и художественных образов – это твоя стихия. Ты мыслишь картинками и образами. Другие не понимают твой взгляд на некоторые вещи, но восхищаются им. Даже самую простую задачу ты делаешь нестандартно. Ты работаешь, когда есть вдохновение, тебе сложно планировать. Предпочитаешь состояние хаоса идеальному порядку."
    }
  },
  {
    "model": "api.result",
    "pk": 60,
    "fields": {
      "task": 8,
      "key": "12a",
      "title": "обучение",
      "description": "Ты любишь обучаться и делаешь это с удовольствием. Новизна материала, подходов и техник вызывают у тебя бурный восторг и предвкушение перемен. Ты постоянно обучаешься различным навыкам, теориям и компетенциям. Учеба дается тебе легко. Ты не всегда используешь знания на практике, но все равно продолжаешь учиться. Ведь это так интересно и увлекательно."
    }
  },
  {
    "model": "api.result",
    "pk": 61,
    "fields": {
      "task": 8,
      "key": "12б",
      "title": "трансформация",
      "description": "Ты умеешь перепрошивать свою личность и выходить из зоны комфорта. Главная твоя задача – результат, даже ценой личных изменений. Ты не очень любишь обучаться, т.к. все применяешь на практике и знаешь цену новых экспериментов. Ты видишь четкую взаимосвязь между обучением новому и достижением результатов в жизни (материальных/нематериальных)."
    }
  },
  {
    "model": "api.result",
    "pk": 62,
    "fields": {
      "task": 8,
      "key": "13a",
      "title": "развитие",
      "description": "Желание помогать развиваться другим: людям, проектам, компаниям. Ты – сторонник изменений. Тебе нравится внедрять новые подходы во всем. Твоя ключевая способность – наставник на практике. Это то, что ты любишь делать, и это в тебе ценят окружающие."
    }
  },
  {
    "model": "api.result",
    "pk": 63,
    "fields": {
      "task": 8,
      "key": "13б",
      "title": "консерватизм",
      "description": "Ты – человек правил. Твоя задача – хранить традиции, законы и договоренности. Ты не любишь изменений. Тебе тяжело выходить из зоны комфорта, и ты искренне не понимаешь, зачем это нужно делать. Ты любишь создавать правила и следить за их соблюдением, чтением, пропагандой."
    }
  },
  {
    "model": "api.result",
    "pk": 64,
    "fields": {
      "task": 8,
      "key": "14a",
      "title": "позитивность",
      "description": "Ты находишь положительные моменты в любой ситуации. Ты не паникуешь при форс-мажоре, а просто решаешь проблему. Ты делаешь любой процесс увлекательнее и интереснее. Оптимист по натуре, у которого стакан наполовину полон при любых обстоятельствах. В трудных ситуациях друзья обращаются к тебе за поддержкой."
    }
  },
  {
    "model": "api.result",
    "pk": 65,
    "fields": {
      "task": 8,
      "key": "14б",
      "title": "осмотрительность",
      "description": "Ты не любишь риск и подстелил бы соломку везде, где только можно. Как только кто-то озвучивает новую идею, ты сразу видишь подводные камни, сложности, риски и заторы в ее реализации. Ты предпочитаешь семь раз отмерить, прежде чем принимать решение. Часто видишь те риски, которые не замечают окружающие, и можешь их предотвратить."
    }
  },
  {
    "model": "api.result",
    "pk": 66,
    "fields": {
      "task": 8,
      "key": "15a",
      "title": "эмпатия",
      "description": "Ты понимаешь людей через сопереживание. Ты способен чувствовать чужие эмоции, поставить себя на место другого человека и посмотреть на мир его глазами. Ты умеешь находить нужные слова, помогаешь людям высказать свои чувства, поддерживаешь их эмоционально."
    }
  },
  {
    "model": "api.result",
    "pk": 67,
    "fields": {
      "task": 8,
      "key": "15б",
      "title": "стрессоустойчивость",
      "description": "Ты повелитель форс-мажоров и продуктивен в любой ситуации. Ты умеешь быть спокойным и решительным, даже когда окружающие паникуют. К тебе обращаются за решением или участием в решении форс-мажора или сложной ситуации."
    }
  },
  {
    "model": "api.result",
    "pk": 68,
    "fields": {
      "task": 8,
      "key": "16a",
      "title": "сосредоточенность",
      "description": "«Куда я иду?» – важна четко обозначенная цель. Сосредоточенность позволяет тебе отфильтровать ненужное. Ты оцениваешь, поможет ли действие стать ближе к цели или нет. Если нет, ты его отбрасываешь. Ты умеешь «спускать людей с небес на землю» и вернуться к решению конкретной задачи. Способен найти оптимальный маршрут к цели, без лишней работы и деталей."
    }
  },
  {
    "model": "api.result",
    "pk": 69,
    "fields": {
      "task": 8,
      "key": "16б",
      "title": "мультифокус",
      "description": "Семь дел одновременно – это по-твоему. Тебе нравится переключаться из одного формата задач в другой, совмещать разнообразные функции и дела. Ты не усидчив, тебе скучно фокусироваться только на одной задаче. Ты склонен не доводить дела до конца. Самый продуктивный формат работы для тебя – одновременно несколько разноплановых дел. Твой ресурс – в переключении."
    }
  },
  {
    "model": "api.result",
    "pk": 70,
    "fields": {
      "task": 8,
      "key": "17a",
      "title": "восстановление",
      "description": "Ты способен за короткое время мобилизировать все свои ресурсы и выйти на новый уровень энергии. Окружающим людям может казаться, что ты никогда не устаешь. Но секрет в том, что ты быстро отдыхаешь и восстанавливаешься. Ты знаешь, как вернуть любые процессы к оптимальному состоянию, распознав корень проблем и устранив их."
    }
  },
  {
    "model": "api.result",
    "pk": 71,
    "fields": {
      "task": 8,
      "key": "17б",
      "title": "энергия",
      "description": "Ты мотивируешь людей и заряжаешь их на позитив, сам не понимая как. Ты полон энтузиазма и щедро делишься им с людьми. Окружающие называют тебя вечным двигателем и говорят, что «заряжаются от тебя». Ты постоянно в действии, тебе сложно усидеть на месте."
    }
  },
  {
    "model": "api.result",
    "pk": 72,
    "fields": {
      "task": 8,
      "key": "18a",
      "title": "уверенность",
      "description": "Ты уверен в своих силах и суждениях. Ты убежден, что твой взгляд на мир и образ мышления уникален и правдив. Никто не может точно увидеть то, что видишь ты, поэтому ты уверен, что никто не может принять решение за тебя. Ты принимаешь быстрые и при этом взвешенные решения. И никогда не сомневаешься в их правильности. В любой системе координат у тебя есть понимание, какое решение верно для тебя и для других."
    }
  },
  {
    "model": "api.result",
    "pk": 73,
    "fields": {
      "task": 8,
      "key": "18б",
      "title": "материализм",
      "description": "Ты принимаешь язык фактов, науки, цифр и всего, что можно пощупать и в чем можно убедиться на практике. Личная выгода и доказательная база – превыше всего. Ты впускаешь в свою жизнь только те гипотезы и форматы, которые понятны на физическом, материальном уровне. Ты умеешь добиваться своих материальных целей и можешь разъяснить, как это делать другим."
    }
  },
  {
    "model": "api.result",
    "pk": 74,
    "fields": {
      "task": 8,
      "key": "19a",
      "title": "видение будущего",
      "description": "Всеобъемлющий взгляд на события или мир в целом. У тебя развита способность смелого мечтателя, заглядывающего в будущее. Ты умеешь из мечты сделать цель и наметить план ее реализации. Ты просчитываешь действия действия на шаг вперед, мыслишь стратегически. Ты видишь ход развития событий и способен разглядеть последствия раньше остальных."
    }
  },
  {
    "model": "api.result",
    "pk": 75,
    "fields": {
      "task": 8,
      "key": "19б",
      "title": "детализация",
      "description": "Ты внимателен к нюансам и деталям. Дотошен в выполнении задач, чтобы принять максимально взвешенное и обдуманное решение. Способен выявлять риски, анализировать их и принимать максимально эффективное решение. Двигаешься осторожно."
    }
  },
  {
    "model": "api.result",
    "pk": 76,
    "fields": {
      "task": 8,
      "key": "20a",
      "title": "обаяние",
      "description": "Тебе не надо напрягаться и думать, как бы расположить к себе того или иного человека. Люди любят наблюдать за тобой, хотят идти на контакт самостоятельно. Даже если ты что-то сделал не так, окружающие готовы простить тебе это за твою улыбку, искрометную шутку и врожденную харизму."
    }
  },
  {
    "model": "api.result",
    "pk": 77,
    "fields": {
      "task": 8,
      "key": "20б",
      "title": "твердость эмоций",
      "description": "Невозмутимость – твое второе имя. Твое лицо, эмоции и поведение в основном нейтральны изо дня в день. Про тебя можно сказать – человек с выражением лица «покер фейс». Окружающим сложно разгадать твои позитивные и негативные эмоции. О твоих задумках, эмоциях и переживаниях может знать один человек – только ты."
    }
  }
]
